{
    "max_error": 11.478460311889648,
    "mean_absolute_error": 2.400320970249176,
    "mean_absolute_percentage_error": 9.253411277901359,
    "mean_squared_error": 8.877404605670742,
    "median_absolute_error": 2.050436019897461,
    "root_mean_squared_error": 2.979497374670893,
    "normalized_root_mean_squared_error": 0.09838006688991285,
    "r2": 0.8928436968969515,
    "explained_variance": 0.9096557140034153,
    "mean_squared_log_error": 0.012509792103891866,
    "root_mean_squared_log_error": 0.1118471819219951,
    "debug_training": {
        
    }
}