{
    "refit_metric": "root_mean_squared_error",
    "best_params": {
        "kernel": "poly",
        "C": 1.5,
        "gamma": "scale",
        "degree": 4,
        "coef0": 1.0
    },
    "best_statistics": {
        "fold_scores": [
            2.681333680180082,
            2.702558459600759,
            2.7127909995116775,
            2.704121021937824,
            2.693648208989981
        ],
        "descriptive": {
            "mean": 2.6988904740440645,
            "std": 0.011934819974222795,
            "std_error": 0.005337413752316891,
            "median": 2.702558459600759,
            "min": 2.681333680180082,
            "max": 2.7127909995116775,
            "iqr": 0.010472812947843302,
            "q1": 2.693648208989981,
            "q3": 2.704121021937824,
            "coefficient_of_variation": 0.4422120900793523,
            "n_samples": 5
        },
        "confidence_interval": {
            "lower": 2.6840714377570287,
            "upper": 2.7137095103311,
            "confidence_level": 0.95,
            "point_estimate": 2.6988904740440645,
            "margin_of_error": 0.014819036287035648
        },
        "normality_test": {
            "statistic": 0.9639538767809152,
            "p_value": 0.8352114293250953,
            "is_normal": true,
            "alpha": 0.05
        }
    }
}